CREATE DATABASE TAXUCONTROLL;
USE TAXUCONTROLL;

CREATE TABLE IF NOT EXISTS `USUARIO` (
  ID_USUARIO BIGINT PRIMARY KEY auto_increment,
  NOM_USUARIO VARCHAR(20) UNIQUE NOT NULL,
  CONTRA_USUARIO VARCHAR(20) NOT NULL,
  ID_ROL_FK BIGINT NOT NULL,
  ID_ESTADO_FK BIGINT NOT NULL
);


CREATE TABLE IF NOT EXISTS `ROL` (
  ID_ROL BIGINT PRIMARY KEY auto_increment,
  NOM_ROL VARCHAR(20) NOT NULL
);

CREATE TABLE IF NOT EXISTS `PERSONA` (
  ID_PERSONA BIGINT PRIMARY KEY auto_increment,
  DOCU_PERSONA NUMERIC UNIQUE NOT NULL,
  NOM_PERSONA VARCHAR(20) NOT NULL,
    APE_PERSONA VARCHAR(20) NOT NULL,
  TEL_PERSONA NUMERIC NOT NULL,
    CORREO_PERSONA VARCHAR(40) UNIQUE NOT NULL,
  DIREC_PERSONA VARCHAR(30) NOT NULL,
    ID_USUARIO_FK BIGINT UNIQUE NOT NULL,
    ID_ROL_FK BIGINT NOT NULL
);

CREATE TABLE IF NOT EXISTS `VEHICULO` (
  ID_VEHICULO BIGINT PRIMARY KEY auto_increment,
  PLACA_VEHICULO VARCHAR(7)UNIQUE,
  MODELO_VEHICLO VARCHAR(10) NOT NULL,
    FECHAING_VEHICULO DATE NOT NULL,
  ID_MARCA_FK BIGINT NOT NULL,
    ID_PERSONA_FK BIGINT NOT NULL,
  ID_ESTADO_FK BIGINT NOT NULL
);

CREATE TABLE IF NOT EXISTS `MARCA` (
  ID_MARCA BIGINT PRIMARY KEY auto_increment,
  NOM_MARCA VARCHAR(25)NOT NULL
);

CREATE TABLE IF NOT EXISTS `PAGO_PRODUCIDO` (
  ID_PRODUCIDO BIGINT PRIMARY KEY auto_increment,
  VALOR_PRODUCIDO DECIMAL(9,2)NOT NULL,
    FECHA_PRODUCIDO DATETIME NOT NULL,
    S_N_PRODUCIDO BOOLEAN,
    S_N_CANCELADO BOOLEAN,
    ID_CONVENIO_FK BIGINT
);

CREATE TABLE IF NOT EXISTS `CONVENIO_PRODUCIDO` (
    ID_CONVENIO BIGINT PRIMARY KEY auto_increment,
      FECHAINICIO_CONVENIO DATE NOT NULL,
    FECHAFIN_CONVENIO DATE NOT NULL,
    MEDIDA_CONVENIO VARCHAR(20) NOT NULL,
    VALOR_CONVENIO DECIMAL(9,2)NOT NULL,
    AHORRO_PRODUCIDO DECIMAL(9,2)NOT NULL,
      S_N_CANCELADO BOOLEAN NOT NULL,
    PLACA_VEHICULO_FK VARCHAR(7)NOT NULL,
      ID_PERSONA_FK BIGINT NOT NULL
);

CREATE TABLE IF NOT EXISTS `ENTREGA_AHORRO` (
   ID_ENTREAHORRO BIGINT PRIMARY KEY  auto_increment,
  VALOR_ENTREAHORRO DECIMAL(9,2)NOT NULL,
  FECHAINICIO_CONVENIO DATE NOT NULL,
  FECHAFIN_CONVENIO DATE NOT NULL,
     ID_CONVENIO_FK BIGINT NOT NULL
);

CREATE TABLE IF NOT EXISTS `ESTADO` (
  ID_ESTADO BIGINT PRIMARY KEY auto_increment,
  NOM_ESTADO VARCHAR(25)NOT NULL
);

CREATE TABLE IF NOT EXISTS `NOVEDAD` (
  ID_NOVEDAD BIGINT PRIMARY KEY auto_increment,
  DESCRIP_NOVEDAD VARCHAR(100)NOT NULL,
    FECH_NOVEDAD DATE NOT NULL,
    URL_SUPNOV VARCHAR (300) NOT NULL,
    VALOR_NOVEDAD DECIMAL(9,2) NOT NULL,
  ID_PERSONA_FK BIGINT NOT NULL,
    ID_CLASINOV_FK BIGINT NOT NULL,
    ID_ESTADO_FK BIGINT NOT NULL
);

CREATE TABLE IF NOT EXISTS `TIPO_NOVEDAD` (
  ID_TIPONOV BIGINT PRIMARY KEY auto_increment,
  NOM_TIPONOV VARCHAR(25)NOT NULL,
    ID_CLASINOV_FK BIGINT NOT NULL
);

CREATE TABLE IF NOT EXISTS `DETALLE_NOVEDAD` (
  ID_DETNOV BIGINT PRIMARY KEY auto_increment,
  ID_TIPONOV_FK BIGINT NOT NULL,
    ID_NOVEDAD_FK BIGINT NOT NULL
);


CREATE TABLE IF NOT EXISTS `CLASIFICACION_NOVEDAD` (
  ID_CLASINOV BIGINT PRIMARY KEY auto_increment,
  NOM_CLASINOV VARCHAR(25)NOT NULL,
    DESCRIP_CLASINOV VARCHAR(100)NOT NULL
);

ALTER TABLE USUARIO ADD FOREIGN KEY(ID_ROL_FK) REFERENCES ROL (ID_ROL);
ALTER TABLE USUARIO ADD FOREIGN KEY(ID_ESTADO_FK) REFERENCES ESTADO (ID_ESTADO);

ALTER TABLE PERSONA ADD FOREIGN KEY(ID_ROL_FK) REFERENCES ROL (ID_ROL);
ALTER TABLE PERSONA ADD FOREIGN KEY(ID_USUARIO_FK) REFERENCES USUARIO (ID_USUARIO);

ALTER TABLE VEHICULO ADD FOREIGN KEY(ID_MARCA_FK) REFERENCES MARCA (ID_MARCA);
ALTER TABLE VEHICULO ADD FOREIGN KEY(ID_PERSONA_FK) REFERENCES PERSONA (ID_PERSONA);
ALTER TABLE VEHICULO ADD FOREIGN KEY(ID_ESTADO_FK) REFERENCES ESTADO (ID_ESTADO);

ALTER TABLE PAGO_PRODUCIDO ADD FOREIGN KEY( ID_CONVENIO_FK) REFERENCES CONVENIO_PRODUCIDO (ID_CONVENIO);

ALTER TABLE CONVENIO_PRODUCIDO ADD FOREIGN KEY( PLACA_VEHICULO_FK) REFERENCES VEHICULO (PLACA_VEHICULO);
ALTER TABLE CONVENIO_PRODUCIDO ADD FOREIGN KEY( ID_PERSONA_FK) REFERENCES PERSONA (ID_PERSONA);

ALTER TABLE ENTREGA_AHORRO ADD FOREIGN KEY( ID_CONVENIO_FK) REFERENCES CONVENIO_PRODUCIDO (ID_CONVENIO);

ALTER TABLE NOVEDAD ADD FOREIGN KEY( ID_PERSONA_FK) REFERENCES PERSONA (ID_PERSONA);
ALTER TABLE NOVEDAD ADD FOREIGN KEY(ID_ESTADO_FK) REFERENCES ESTADO (ID_ESTADO);
ALTER TABLE NOVEDAD ADD FOREIGN KEY( ID_CLASINOV_FK) REFERENCES CLASIFICACION_NOVEDAD (ID_CLASINOV);

ALTER TABLE TIPO_NOVEDAD ADD FOREIGN KEY(  ID_CLASINOV_FK) REFERENCES CLASIFICACION_NOVEDAD (ID_CLASINOV);

ALTER TABLE DETALLE_NOVEDAD ADD FOREIGN KEY(ID_TIPONOV_FK) REFERENCES TIPO_NOVEDAD (ID_TIPONOV);
ALTER TABLE DETALLE_NOVEDAD ADD FOREIGN KEY(ID_NOVEDAD_FK) REFERENCES NOVEDAD (ID_NOVEDAD);


INSERT INTO `clasificacion_novedad` (`ID_CLASINOV`, `NOM_CLASINOV`, `DESCRIP_CLASINOV`) VALUES
(1, 'Mantenimiento ', 'En caso de problemas con el vehiculo'),
(2, 'Incidente', 'En caso de la perdida de una parte del carro'),
(3, 'Accidente', 'Inconveniente con una persona o vehículo');

INSERT INTO `estado` (`ID_ESTADO`, `NOM_ESTADO`) VALUES
(1, 'Activo'),
(2, 'Inactivo'),
(3, 'En proceso'),
(4, 'Resuelto');



INSERT INTO `marca` (`ID_MARCA`, `NOM_MARCA`) VALUES
(1, 'Renault'),
(2, 'BMW'),
(3, 'Chevrolet'),
(4, 'Alfa Romeo'),
(5, 'Bugatti'),
(6, 'Bentley'),
(7, 'Alpino'),
(8, 'Ford'),
(9, 'CUPRA'),
(10, 'Jeep');




INSERT INTO `rol` (`ID_ROL`, `NOM_ROL`) VALUES
(1, 'Administrador'),
(2, 'Socio'),
(3, 'Conductor');



INSERT INTO `usuario` (`ID_USUARIO`, `NOM_USUARIO`, `CONTRA_USUARIO`, `ID_ROL_FK`, `ID_ESTADO_FK`) VALUES
(1, 'David27@gmail.com', '123', 3, 1),
(2, 'chris@gmail.com', '456', 2, 1),
(3, 'flowblack22@gmail.com', '789', 1, 1),
(4, 'rapingo@gmail.com', '147', 1, 1),
(5, 'baiken2@gmail.com', '1890213', 3, 1),
(6, 'margaret@gmail.com', 'Velvet Room', 2, 1),
(7, 'white378@gmail.com', 'White in black', 3, 1),
(8, 'blink213@gmail.com', 'Password', 2, 1),
(9, 'camilo@gmail.com', '123', 3, 1),
(10, 'manuelmoncada151@gmail.com', '7420a1ce', 1, 1);




INSERT INTO `persona` (`ID_PERSONA`, `DOCU_PERSONA`, `NOM_PERSONA`, `APE_PERSONA`, `TEL_PERSONA`, `CORREO_PERSONA`, `DIREC_PERSONA`, `ID_USUARIO_FK`, `ID_ROL_FK`) VALUES
(1, '1000423456', 'David', 'Palacios', '3222275804', 'David27@gmail.com', 'K72 Q', 1, 3),
(2, '1000342348', 'Christian', 'Ruiz', '2312233221', 'christian@gmail.com', 'Calle 45', 2, 2),
(3, '1231112333', 'William', 'Ochoa', '3221444321', 'william@gmail.com', 'Cra 59', 3, 1),
(4, '1000579838', 'Manuel', 'Quiroz', '3548698', 'manuel@gmail.com', 'Calle 44', 4, 1),
(5, '1009324321', 'Philips', 'Cambell', '3221144552', 'baiken@gmail.com', 'Calle...', 5, 3),
(6, '1004429932', 'Margaret', 'Martinez', '3221144532', 'margaret@gmail.com', 'Calle...', 6, 2),
(7, '1998342124', 'Carlos', 'Ruiz', '3212312542', 'white378@gmail.com', 'Calle...', 7, 3),
(8, '1299123882', 'Luis', 'Baskes', '3421233123', 'blink213@gmail.com', 'Calle...', 8, 2),
(9, '1888223199', 'Camilo', 'Olivera', '3224412412', 'camilo@gmail.com', 'Calle...', 9, 3),
(10, '1777439902', 'Manuel', 'Moncada', '3221144212', 'manuelmoncada151@gmail.com', 'Calle...', 10, 1);





INSERT INTO `vehiculo` (`ID_VEHICULO`, `PLACA_VEHICULO`, `MODELO_VEHICLO`, `FECHAING_VEHICULO`, `ID_MARCA_FK`, `ID_PERSONA_FK`, `ID_ESTADO_FK`) VALUES
(1, '666-BBB', '2014', '2002-09-09', 1, 2, 1),
(2, '888-BBB', '2016', '2003-09-09', 1, 2, 1),
(3, '999-BBB', '2015', '2004-09-09', 1, 2, 1),
(4, 'HJY-789', '2012', '2012-09-09', 2, 3, 1),
(5, 'HMP-710', '1999', '2000-05-05', 3, 4, 1),
(6, 'ZMP-204', '2002', '2003-03-09', 4, 5, 2),
(7, 'MUI-890', '2018', '2018-06-06', 5, 6, 1),
(8, 'GOP-562', '2000', '2001-11-22', 6, 7, 1),
(9, 'TOP-662', '1994', '1999-12-12', 7, 8, 1),
(10, 'CDR-532', '1997', '1999-02-03', 8, 9, 1);



INSERT INTO `convenio_producido` (`ID_CONVENIO`, `FECHAINICIO_CONVENIO`, `FECHAFIN_CONVENIO`, `MEDIDA_CONVENIO`, `VALOR_CONVENIO`, `AHORRO_PRODUCIDO`, `S_N_CANCELADO`, `PLACA_VEHICULO_FK`, `ID_PERSONA_FK`) VALUES
(1, '2019-09-02', '2024-04-03', 'Semanal', '90000.00', '5000.00', 1, '666-BBB', 1),
(2, '2020-01-04', '2024-04-06', 'Mensual', '94000.00', '12000.00', 1, 'HJY-789', 5),
(3, '2020-01-05', '2024-04-07', 'Mensual', '98000.00', '13000.00', 1, '999-BBB', 7),
(4, '2020-01-11', '2024-04-12', 'Mensual', '91000.00', '30000.00', 1, 'CDR-532', 9);



INSERT INTO `pago_producido` (`ID_PRODUCIDO`, `VALOR_PRODUCIDO`, `FECHA_PRODUCIDO`, `S_N_PRODUCIDO`, `S_N_CANCELADO`, `ID_CONVENIO_FK`) VALUES
(1, '90000.00', '2020-08-15 00:00:00', 1, 2, 1),
(2, '60000.00', '2020-09-02 00:00:00', 2, 2, 1),
(3, '40000.00', '2020-08-03 00:00:00', 2, 1, 4),
(4, '80000.00', '2020-09-03 00:00:00', 1, 1, 2),
(5, '-10000.00', '2020-09-16 23:17:00', 2, 1, 1),
(6, '500000.00', '2020-09-16 00:00:00', 2, 1, 1),
(7, '-70000.00', '2020-09-17 00:04:36', 2, 1, 1);



INSERT INTO `novedad` (`ID_NOVEDAD`, `DESCRIP_NOVEDAD`, `FECH_NOVEDAD`, `URL_SUPNOV`, `VALOR_NOVEDAD`, `ID_PERSONA_FK`, `ID_CLASINOV_FK`, `ID_ESTADO_FK`) VALUES
(1, 'Daños', '2002-03-06', 'Www.zzz.com', '70000.00', 1, 1, 4),
(2, 'Robo', '2012-04-03', 'Www.ccc.com', '50000.00', 1, 2, 3),
(3, 'Accidente', '2022-04-02', 'Www.sss.com', '30000.00', 2, 3, 3),
(4, 'Me choqué con un poste en la cra 24.', '2020-09-17', 'Www.choque.com', '89000.00', 9, 3, 3),
(5, 'Robo por San Andresito en una carrera.', '2020-09-17', 'www.robo.com', '78000.00', 9, 2, 3),
(6, 'Choque en la calera', '2012-04-03', 'Www.ddd.com', '40000.00', 1, 2, 3),
(7, 'Estallido de llanta por la Jimenez', '2020-10-20', 'Www.cho.com', '500000.00', 1, 3, 3),
(8, 'Hola', '2020-10-21', 'C:\\fakepath\\lexus lc 500.jpg', '469000.00', 9, 2, 3),
(9, 'robo en la calera', '2020-10-29', 'C:\\fakepath\\lexus lc 500.jpg', '67777.00', 5, 2, 3),
(10, 'Perdida de parte inferior del auto', '2020-10-29', 'C:\\fakepath\\sian.jpg', '59000.00', 9, 3, 3);




DELIMITER $$
CREATE TRIGGER `EA_PAGO` AFTER INSERT ON `entrega_ahorro` FOR EACH ROW BEGIN 

INSERT INTO pago_producido (VALOR_PRODUCIDO,FECHA_PRODUCIDO,S_N_PRODUCIDO,S_N_CANCELADO,ID_CONVENIO_FK)
VALUES((-1* NEW.VALOR_ENTREAHORRO), NOW(), 2, 1, NEW.ID_CONVENIO_FK);

END
$$
DELIMITER ;


INSERT INTO `tipo_novedad` (`ID_TIPONOV`, `NOM_TIPONOV`, `ID_CLASINOV_FK`) VALUES
(1, 'Cambio de aceite', 1),
(2, 'Choque', 3),
(3, 'Espejo', 2);



INSERT INTO `detalle_novedad` (`ID_DETNOV`, `ID_TIPONOV_FK`, `ID_NOVEDAD_FK`) VALUES
(1, 2, 1),
(2, 3, 1),
(3, 2, 2),
(7, 2, 3),
(8, 3, 4),
(9, 3, 5),
(13, 2, 6);


INSERT INTO `entrega_ahorro` (`ID_ENTREAHORRO`, `VALOR_ENTREAHORRO`, `FECHAINICIO_CONVENIO`, `FECHAFIN_CONVENIO`, `ID_CONVENIO_FK`) VALUES
(1, '90000.00', '2019-09-02', '2024-04-03', 1),
(2, '60000.00', '2019-09-02', '2020-09-02', 1),
(6, '70000.00', '2019-09-02', '2020-09-17', 1);
